{"client_meta":{"background_color":{"r":0.9607843160629272,"g":0.9607843160629272,"b":0.9607843160629272,"a":1},"thumbnail_size":{"width":400,"height":171},"render_coordinates":{"x":-1504,"y":0,"width":2912,"height":1244}},"file_name":"JusticeOS™","developer_related_links":[]}